imageURL,title,views
//cdn.shopify.com/s/files/1/0666/0053/4272/products/5beb440cb732bbc703cd5f628d14e61c.jpg?v=1673556087&width=533,FURA GWIZDA,"99,00 zl"
//cdn.shopify.com/s/files/1/0666/0053/4272/products/4e73fa5205d2b85a2f10ce9fedb3143c.jpg?v=1673556365&width=533,LEGALIZE ANABOLIC STEROIDS 100% BAWEŁNA,"99,00 zl"
//cdn.shopify.com/s/files/1/0666/0053/4272/products/95b898af8eaf9de67c663b385885103c.jpg?v=1673556261&width=533,NA SUCHO NAWET TRAWA NIE ROŚNIE,"99,00 zl"
//cdn.shopify.com/s/files/1/0666/0053/4272/products/604a22ef4cbd21c4332037ed9fe1b4da.jpg?v=1673556395&width=533,ZALEGALIZOWAĆ ŚRODKI ANABOLICZNE,"99,00 zl"
//cdn.shopify.com/s/files/1/0666/0053/4272/products/79f2217b55c01791aa21e67180ff8315.jpg?v=1673555924&width=533,OSTATNIA WIECZERZA,"99,00 zl"
//cdn.shopify.com/s/files/1/0666/0053/4272/products/1288dd410128b1bd30dff5c954473feb.jpg?v=1673556130&width=533,SCARED OF WOMEN,"99,00 zl"
//cdn.shopify.com/s/files/1/0666/0053/4272/products/32d1424393edb830f39710ca018f2aef.jpg?v=1677169615&width=533,CERTIFIED RACIST,"99,00 zl"
//cdn.shopify.com/s/files/1/0666/0053/4272/products/2f6cfe21012b729551f7a5419ee8b7ee.jpg?v=1673556457&width=533,SEZON MASOWY,"99,00 zl"
//cdn.shopify.com/s/files/1/0666/0053/4272/products/4ac19093fc3d9b9571cad44f1fbf177a.jpg?v=1673018955&width=533,ZALEGALIZOWAĆ ŚRODKI ANABOLICZNE,"89,00 zl"
//cdn.shopify.com/s/files/1/0666/0053/4272/products/ee46871fb5d06954718b290333064f86.jpg?v=1673019156&width=533,NA SUCHO NAWET TRAWA NIE ROŚNIE 2,"89,00 zl"
//cdn.shopify.com/s/files/1/0666/0053/4272/products/9f9a0341b003e6079626ec9ed1606b5a.jpg?v=1673019107&width=533,SCARED OF WOMEN,"89,00 zl"
//cdn.shopify.com/s/files/1/0666/0053/4272/products/e633fc7bd23385ed189b036e79c2a20c_1675f471-2590-4536-af8b-ed3860b91c4e.jpg?v=1673018875&width=533,LEGALISE ANABOLIC STEROIDS,"89,00 zl"
